dataset,rs_best,rs_mean,rs_median,ils_best,ils_mean,ils_median,p_value,significant
7z,4295.8,4656.466666666668,4637.200000000001,4196.4,5613.28,4651.2,0.8302459938830089,False
Apache,30.7448,31.434806666666663,31.3498,30.7448,61.81416666666667,31.1982,0.5195405882655089,False
LLVM,55226.8,58754.573333333334,58780.8,52285.4,55900.56000000001,55459.5,4.482915372126486e-05,True
PostgreSQL,45922.8,46024.92666666668,46040.7,45922.8,46058.18000000001,46048.5,0.2688685047056918,False
brotli,1.46,1.4836000000000003,1.466,1.46,1.4674000000000003,1.46,0.02347310340204636,True
spear,0.0,0.0011585567692815333,0.000993048659384,0.0,0.0024495200264815996,0.00198609731877,0.005146876082615721,True
storm,0.0,2.392160974731133e-05,9.532330259825e-06,0.0,0.00012310323649844166,5.44704586276e-06,0.8873346025264154,False
x264,21.556,22.47106666666667,22.452,21.556,22.1016,21.65,0.00031080363953251566,True
